index,aa,x,y,z,H,Q
0,K,1,0,0,-1.95,1
1,K,1,1,0,-1.95,1
2,D,2,0,0,-1.75,-1
3,E,3,0,0,-1.75,-1
4,E,4,0,0,-1.75,-1
5,E,4,1,0,-1.75,-1
6,K,4,2,0,-1.95,1
7,K,4,3,0,-1.95,1
8,D,3,3,0,-1.75,-1
9,E,2,2,0,-1.75,-1
10,E,1,2,0,-1.75,-1
11,E,0,2,0,-1.75,-1
12,K,-1,1,0,-1.95,1
13,K,-1,0,0,-1.95,1
14,D,-1,-1,0,-1.75,-1
15,E,-1,-2,0,-1.75,-1
16,E,-1,-3,0,-1.75,-1
17,E,-1,-3,-1,-1.75,-1
18,K,-1,-2,-1,-1.95,1
19,K,-1,-1,-1,-1.95,1
20,D,-2,-1,-1,-1.75,-1
21,E,-3,-2,-1,-1.75,-1
22,E,-3,-3,-1,-1.75,-1
23,E,-3,-4,-1,-1.75,-1
24,A,-2,-4,-2,0.9,0
25,V,-1,-4,-2,2.1,0
26,I,0,-4,-2,2.25,0
27,L,-1,-4,-3,1.9,0
28,M,-1,-3,-3,0.95,0
29,F,-1,-3,-2,1.4,0
30,A,0,-3,-1,0.9,0
31,V,0,-3,0,2.1,0
32,I,0,-4,0,2.25,0
33,L,0,-5,0,1.9,0
34,M,0,-6,0,0.95,0
35,F,-1,-7,0,1.4,0
36,A,-1,-8,0,0.9,0
37,V,-1,-9,0,2.1,0
38,I,0,-10,0,2.25,0
39,L,0,-11,0,1.9,0
40,M,0,-12,0,0.95,0
41,F,-1,-13,0,1.4,0
42,A,0,-13,0,0.9,0
43,V,1,-13,0,2.1,0
44,I,1,-13,1,2.25,0
45,L,1,-13,2,1.9,0
46,M,1,-12,3,0.95,0
47,R,1,-12,4,-2.25,1
48,R,2,-12,4,-2.25,1
49,D,3,-12,4,-1.75,-1
50,D,4,-12,4,-1.75,-1
51,E,4,-12,5,-1.75,-1
52,E,4,-12,6,-1.75,-1
53,R,4,-13,6,-2.25,1
54,R,4,-14,6,-2.25,1
55,D,4,-15,6,-1.75,-1
56,D,4,-15,5,-1.75,-1
57,E,4,-15,4,-1.75,-1
58,E,4,-14,4,-1.75,-1
59,R,4,-13,4,-2.25,1
60,R,5,-13,4,-2.25,1
61,D,6,-12,4,-1.75,-1
62,D,6,-11,4,-1.75,-1
63,E,6,-10,4,-1.75,-1
64,E,7,-10,3,-1.75,-1
65,R,7,-10,2,-2.25,1
66,R,7,-10,1,-2.25,1
67,D,7,-10,0,-1.75,-1
68,D,7,-11,0,-1.75,-1
69,E,6,-12,0,-1.75,-1
70,E,6,-13,0,-1.75,-1
71,T,6,-14,0,-0.35,0
72,S,7,-14,0,-0.4,0
73,N,7,-14,1,-1.75,0
74,Q,7,-14,2,-1.75,0
75,T,6,-14,2,-0.35,0
76,S,5,-14,2,-0.4,0
77,N,4,-14,2,-1.75,0
78,Q,3,-14,2,-1.75,0
79,T,2,-14,2,-0.35,0
80,S,1,-14,3,-0.4,0
81,N,0,-14,3,-1.75,0
82,Q,-1,-14,3,-1.75,0
83,T,-2,-14,2,-0.35,0
84,S,-3,-14,2,-0.4,0
85,N,-4,-14,2,-1.75,0
86,Q,-5,-14,3,-1.75,0
87,T,-6,-14,3,-0.35,0
88,S,-7,-14,3,-0.4,0
89,N,-8,-14,2,-1.75,0
90,Q,-8,-14,1,-1.75,0
91,T,-9,-14,1,-0.35,0
92,S,-9,-13,2,-0.4,0
93,N,-9,-12,2,-1.75,0
94,Q,-9,-11,2,-1.75,0
95,L,-10,-11,2,1.9,0
96,L,-11,-11,2,1.9,0
97,L,-11,-12,1,1.9,0
98,L,-10,-12,1,1.9,0
99,V,-10,-13,1,2.1,0
100,V,-10,-14,1,2.1,0
101,V,-10,-14,2,2.1,0
102,V,-10,-15,3,2.1,0
103,L,-10,-16,3,1.9,0
104,L,-10,-16,2,1.9,0
105,L,-11,-17,2,1.9,0
106,L,-12,-17,2,1.9,0
107,V,-12,-17,3,2.1,0
108,V,-11,-17,4,2.1,0
109,V,-11,-17,5,2.1,0
110,V,-12,-17,5,2.1,0
111,L,-13,-17,4,1.9,0
112,L,-13,-17,5,1.9,0
113,L,-13,-17,6,1.9,0
114,L,-12,-17,7,1.9,0
115,V,-11,-17,7,2.1,0
116,V,-10,-17,7,2.1,0
117,V,-10,-16,7,2.1,0
118,V,-9,-16,7,2.1,0
119,E,-9,-15,7,-1.75,-1
120,E,-9,-14,7,-1.75,-1
121,K,-8,-14,8,-1.95,1
122,K,-8,-14,9,-1.95,1
123,D,-8,-14,10,-1.75,-1
124,D,-8,-13,11,-1.75,-1
125,E,-8,-13,12,-1.75,-1
126,E,-8,-12,12,-1.75,-1
127,K,-9,-11,12,-1.95,1
128,K,-9,-11,13,-1.95,1
129,D,-9,-11,14,-1.75,-1
130,D,-9,-11,15,-1.75,-1
131,E,-9,-11,16,-1.75,-1
132,E,-9,-11,17,-1.75,-1
133,K,-10,-11,17,-1.95,1
134,K,-11,-10,17,-1.95,1
135,D,-12,-10,17,-1.75,-1
136,D,-13,-10,17,-1.75,-1
137,E,-14,-11,17,-1.75,-1
138,E,-15,-11,17,-1.75,-1
139,K,-16,-11,17,-1.95,1
140,K,-16,-10,16,-1.95,1
141,D,-15,-10,16,-1.75,-1
142,D,-14,-10,16,-1.75,-1
143,F,-13,-10,16,1.4,0
144,G,-12,-10,16,-0.2,0
145,W,-12,-9,16,-0.45,0
146,I,-12,-9,15,2.25,0
147,F,-12,-9,14,1.4,0
148,G,-12,-9,13,-0.2,0
149,W,-12,-9,12,-0.45,0
150,I,-12,-9,11,2.25,0
151,F,-13,-9,11,1.4,0
152,G,-14,-9,11,-0.2,0
153,W,-15,-8,11,-0.45,0
154,I,-15,-7,11,2.25,0
155,F,-16,-7,11,1.4,0
156,G,-17,-7,11,-0.2,0
157,W,-18,-7,11,-0.45,0
158,I,-18,-7,10,2.25,0
159,F,-18,-7,9,1.4,0
160,G,-18,-8,9,-0.2,0
161,W,-18,-8,8,-0.45,0
162,I,-18,-7,7,2.25,0
163,F,-18,-6,7,1.4,0
164,G,-18,-5,7,-0.2,0
165,W,-18,-4,7,-0.45,0
166,I,-18,-3,7,2.25,0
167,N,-18,-2,7,-1.75,0
168,N,-18,-2,6,-1.75,0
169,S,-18,-3,6,-0.4,0
170,T,-18,-3,5,-0.35,0
171,N,-18,-3,4,-1.75,0
172,N,-18,-3,3,-1.75,0
173,S,-17,-3,2,-0.4,0
174,T,-17,-3,1,-0.35,0
175,N,-17,-3,0,-1.75,0
176,N,-16,-3,1,-1.75,0
177,S,-15,-3,1,-0.4,0
178,T,-14,-3,1,-0.35,0
179,N,-13,-3,0,-1.75,0
180,N,-13,-2,0,-1.75,0
181,S,-13,-1,0,-0.4,0
182,T,-12,-1,0,-0.35,0
183,N,-11,-1,0,-1.75,0
184,N,-11,0,0,-1.75,0
185,S,-11,1,0,-0.4,0
186,T,-12,1,1,-0.35,0
187,N,-12,2,1,-1.75,0
188,N,-12,3,1,-1.75,0
189,S,-11,2,1,-0.4,0
190,T,-10,2,1,-0.35,0
191,K,-9,2,1,-1.95,1
192,K,-8,2,1,-1.95,1
193,R,-8,1,1,-2.25,1
194,R,-8,0,1,-2.25,1
195,K,-8,-1,1,-1.95,1
196,K,-9,-1,0,-1.95,1
197,R,-9,-1,-1,-2.25,1
198,R,-9,-2,-1,-2.25,1
199,K,-9,-3,-1,-1.95,1
200,K,-9,-4,-1,-1.95,1
201,R,-9,-5,-1,-2.25,1
202,R,-9,-6,-1,-2.25,1
203,K,-9,-7,-1,-1.95,1
204,K,-8,-7,-1,-1.95,1
205,R,-7,-7,-1,-2.25,1
206,R,-6,-7,-1,-2.25,1
207,K,-6,-8,-1,-1.95,1
208,K,-6,-9,-1,-1.95,1
209,R,-5,-9,-1,-2.25,1
210,R,-5,-9,0,-2.25,1
211,K,-5,-8,-1,-1.95,1
212,K,-4,-8,-1,-1.95,1
213,R,-3,-8,-1,-2.25,1
214,R,-2,-9,-1,-2.25,1
215,A,-2,-10,-1,0.9,0
216,V,-3,-10,-1,2.1,0
217,I,-3,-9,0,2.25,0
218,L,-3,-9,1,1.9,0
219,A,-3,-9,2,0.9,0
220,V,-3,-8,2,2.1,0
221,I,-3,-7,2,2.25,0
222,L,-2,-7,2,1.9,0
223,A,-1,-7,2,0.9,0
224,V,-1,-7,1,2.1,0
225,I,-1,-6,1,2.25,0
226,L,0,-6,1,1.9,0
227,A,1,-6,1,0.9,0
228,V,1,-7,2,2.1,0
229,I,1,-7,1,2.25,0
230,L,1,-7,0,1.9,0
231,A,0,-7,0,0.9,0
232,V,0,-7,-1,2.1,0
233,I,-1,-7,-1,2.25,0
234,L,-1,-8,-1,1.9,0
235,A,-1,-9,-1,0.9,0
236,V,-1,-9,-2,2.1,0
237,I,-2,-9,-3,2.25,0
238,L,-1,-9,-3,1.9,0
